"Package","VersionGA","VersionPreview","DisplayName","ServiceName","RepoPath","MSDocs","GHDocs","Type","Hide","Notes"
"azure-appconfiguration","1.1.1","","App Configuration","App Configuration","appconfiguration","","","client","",""
"azure-search-documents","11.0.0","11.1.0b3","Cognitive Search","Search","search","","","client","","Replaces: azure-search"
"azure-communication-administration","","1.0.0b2","Communication Administration","Communication","communication","","","client","",""
"azure-communication-chat","","1.0.0b2","Communication Chat","Communication","communication","","","client","",""
"azure-communication-sms","","1.0.0b3","Communication Sms","Communication","communication","","","client","",""
"azure-core","1.8.2","","Core","Core","core","","","client","",""
"azure-cosmos","4.2.0","","Cosmos DB","Cosmos DB","cosmos","","","client","",""
"azure-eventgrid","1.3.0","2.0.0b3","Event Grid","Event Grid","eventgrid","NA","","client","","Will be replaced by: azure-eventgrid 2.x"
"azure-eventhub","5.2.0","","Event Hubs","Event Hubs","eventhub","","","client","",""
"azure-eventhub-checkpointstoreblob","1.1.1","","Event Hubs - Azure Blob Storage Checkpoint Store","Event Hubs","eventhub","","","client","",""
"azure-eventhub-checkpointstoreblob-aio","1.1.1","","Event Hubs - Azure Blob Storage Checkpoint Store AIO","Event Hubs","eventhub","","","client","",""
"azure-ai-formrecognizer","3.0.0","","Form Recognizer","Form Recognizer","formrecognizer","","","client","","Replaces: azure-cognitiveservices-formrecognizer"
"azure-identity","1.4.1","1.5.0b2","Identity","Identity","identity","","","client","",""
"azure-keyvault-administration","","4.0.0b2","Key Vault - Administration","Key Vault","keyvault","","","client","",""
"azure-keyvault-certificates","4.2.1","","Key Vault - Certificates","Key Vault","keyvault","","","client","",""
"azure-keyvault-keys","4.3.0","","Key Vault - Keys","Key Vault","keyvault","","","client","",""
"azure-keyvault-secrets","4.2.0","","Key Vault - Secrets","Key Vault","keyvault","","","client","",""
"azure-ai-metricsadvisor","","1.0.0b1","Metrics Advisor","Metrics Advisor","metricsadvisor","","","client","",""
"azure-schemaregistry","","1.0.0b1","Schema Registry","Schema Registry","schemaregistry","","","client","",""
"azure-schemaregistry-avroserializer","","1.0.0b1","Schema Registry Avro Serializer","Schema Registry","schemaregistry","","","client","",""
"azure-servicebus","0.50.3","7.0.0b7","Service Bus","Service Bus","servicebus","","","client","","Will be replaced by: azure-servicebus 7.x"
"azure-storage-blob","12.5.0","12.6.0b1","Storage - Blobs","Storage","storage","","","client","",""
"azure-storage-file-datalake","12.1.2","12.2.0b1","Storage - File Data Lake","Storage","storage","","","client","",""
"azure-storage-file-share","12.2.0","12.3.0b1","Storage - File Shares","Storage","storage","","","client","","Replaces: azure-storage-file 2.1.0"
"azure-storage-queue","12.1.3","","Storage - Queues","Storage","storage","","","client","",""
"azure-data-tables","","12.0.0b2","Tables","Tables","tables","","","client","",""
"azure-ai-textanalytics","5.0.0","5.1.0b1","Text Analytics","Text Analytics","textanalytics","","","client","","Replaces: azure-cognitiveservices-language-textanalytics"
"azure-mgmt-appconfiguration","1.0.1","","Resource Management - App Configuration","App Configuration","appconfiguration","","","mgmt","",""
"azure-mgmt-baremetalinfrastructure","","1.0.0b1","Resource Management - Bare Metal Infrastructure","Bare Metal","baremetalinfrastructure","NA","","mgmt","",""
"azure-mgmt-communication","","1.0.0b2","Resource Management - Communication Service","Communication","communication","","","mgmt","",""
"azure-mgmt-compute","17.0.0","","Resource Management - Compute","Compute","compute","","","mgmt","",""
"azure-mgmt-eventhub","8.0.0","","Resource Management - EventHub","Event Hubs","eventhub","","","mgmt","",""
"azure-mgmt-keyvault","8.0.0","","Resource Management - KeyVault","Key Vault","keyvault","","","mgmt","",""
"azure-mgmt-monitor","1.0.1","","Resource Management - Monitor","Monitor","monitor","","","mgmt","",""
"azure-mgmt-network","16.0.0","","Resource Management - Network","Network","network","","","mgmt","",""
"azure-mgmt-resource","15.0.0","","Resource Management - Resources","Resources","resources","","","mgmt","",""
"azure-mgmt-storage","16.0.0","","Resource Management - Storage","Storage","storage","","","mgmt","",""
"azure-mgmt-streamanalytics","","1.0.0rc1","Resource Management - Stream Analytics","Stream Analytics","streamanalytics","NA","","mgmt","",""
"azure","5.0.0","","Azure","Azure","NA","NA","NA","","true",""
"azure-ai-anomalydetector","","3.0.0b2","Anomaly Detector","Anomaly Detector","anomalydetector","","","","","Will replace: azure-cognitiveservices-anomalydetector"
"azure-ai-nspkg","1.0.0","","Namespace Package","Text Analytics","textanalytics","NA","NA","","",""
"azure-applicationinsights","0.1.0","","Application Insights","Application Insights","https://github.com/Azure/azure-sdk-for-python/tree/azure-applicationinsights_0.1.0/azure-applicationinsights","NA","","","",""
"azure-batch","9.0.0","","Batch","Batch","batch","https://docs.microsoft.com/python/api/overview/azure/batch","","","",""
"azure-cognitiveservices-anomalydetector","0.3.0","","Anomaly Detector","Anomaly Detector","cognitiveservices","","","","","Will be replaced by: azure-ai-anomalydetector"
"azure-cognitiveservices-formrecognizer","0.1.1","","Form Recognizer (V0)","Form Recognizer","https://github.com/Azure/azure-sdk-for-python/tree/master/sdk/cognitiveservices/azure-cognitiveservices-formrecognizer","NA","","","","Replaced by: azure-ai-formrecognizer"
"azure-cognitiveservices-inkrecognizer","","1.0.0b1","Ink Recognizer","Ink Recognizer","cognitiveservices","NA","","","",""
"azure-cognitiveservices-knowledge-nspkg","3.0.0","","Cognitive Services Knowledge Namespace Package","Cognitive Services","https://github.com/Azure/azure-sdk-for-python/tree/master/sdk/cognitiveservices/azure-cognitiveservices-knowledge-nspkg/","NA","NA","","",""
"azure-cognitiveservices-knowledge-qnamaker","0.2.0","","QnA Maker","QnA Maker","cognitiveservices","NA","","","",""
"azure-cognitiveservices-language-luis","0.7.0","","Language LUIS","Cognitive Services","cognitiveservices","","","","",""
"azure-cognitiveservices-language-nspkg","3.0.1","","Cognitive Services Language Namespace Package","Cognitive Services","https://github.com/Azure/azure-sdk-for-python/tree/master/sdk/cognitiveservices/azure-cognitiveservices-language-nspkg/","NA","NA","","",""
"azure-cognitiveservices-language-spellcheck","2.0.0","","Spell Check","Spell Check","cognitiveservices","NA","","","",""
"azure-cognitiveservices-language-textanalytics","0.2.0","","Text Analytics (V0)","Text Analytics","https://github.com/Azure/azure-sdk-for-python/tree/master/sdk/cognitiveservices/azure-cognitiveservices-language-textanalytics/","NA","","","","Replaced by: azure-ai-textanalytics"
"azure-cognitiveservices-nspkg","3.0.1","","Cognitive Services Namespace Package","Cognitive Services","https://github.com/Azure/azure-sdk-for-python/tree/master/sdk/cognitiveservices/azure-cognitiveservices-nspkg/","NA","NA","","",""
"azure-cognitiveservices-personalizer","0.1.0","","Personalizer","Personalizer","cognitiveservices","NA","","","",""
"azure-cognitiveservices-search-autosuggest","0.2.0","","Auto Suggest","Auto Suggest","cognitiveservices","NA","","","",""
"azure-cognitiveservices-search-customimagesearch","0.2.0","","Custom Image Search","Custom Image Search","cognitiveservices","NA","","","",""
"azure-cognitiveservices-search-customsearch","0.3.0","","Custom Search","Custom Search","cognitiveservices","NA","","","",""
"azure-cognitiveservices-search-entitysearch","2.0.0","","Entity Search","Entity Search","cognitiveservices","NA","","","",""
"azure-cognitiveservices-search-imagesearch","2.0.0","","Image Search","Image Search","cognitiveservices","NA","","","",""
"azure-cognitiveservices-search-newssearch","2.0.0","","News Search","News Search","cognitiveservices","NA","","","",""
"azure-cognitiveservices-search-nspkg","3.0.1","","Cognitive Services Search Namespace Package","Cognitive Services","https://github.com/Azure/azure-sdk-for-python/tree/azure-cognitiveservices-search-nspkg_3.0.1/azure-cognitiveservices-search-nspkg/","NA","NA","","",""
"azure-cognitiveservices-search-videosearch","2.0.0","","Video Search","Video Search","cognitiveservices","NA","","","",""
"azure-cognitiveservices-search-visualsearch","0.2.0","","Visual Search","Visual Search","https://github.com/Azure/azure-sdk-for-python/tree/azure-cognitiveservices-search-visualsearch_0.2.0/azure-cognitiveservices-search-visualsearch/","NA","","","",""
"azure-cognitiveservices-search-websearch","2.0.0","","Web Search","Web Search","cognitiveservices","NA","","","",""
"azure-cognitiveservices-vision-computervision","0.7.0","","Computer Vision","Computer Vision","cognitiveservices","NA","","","",""
"azure-cognitiveservices-vision-contentmoderator","1.0.0","","Content Moderator","Content Moderator","https://github.com/Azure/azure-sdk-for-python/tree/azure-cognitiveservices-vision-contentmoderator_1.0.0/azure-cognitiveservices-vision-contentmoderator/","NA","","","",""
"azure-cognitiveservices-vision-customvision","3.0.0","","Custom Vision","Custom Vision","cognitiveservices","","","","",""
"azure-cognitiveservices-vision-face","0.4.1","","Vision Face","Vision Face","cognitiveservices","","","","",""
"azure-cognitiveservices-vision-nspkg","3.0.1","","Cognitive Services Vision Namespace Package","Cognitive Services","https://github.com/Azure/azure-sdk-for-python/tree/azure-cognitiveservices-vision-nspkg_3.0.1/azure-cognitiveservices-vision-nspkg/","NA","NA","","",""
"azure-common","1.1.25","","Common","Core","core","NA","","","",""
"azure-communication-nspkg","","0.0.0b1","Communication Namespace Package","Communication","NA","","NA","","",""
"azure-core-tracing-opencensus","","1.0.0b6","Core Tracing Opencensus","Core","core","","","","",""
"azure-core-tracing-opentelemetry","","1.0.0b7","Core Tracing Opentelemetry","Core","core","","","","",""
"azure-data-nspkg","1.0.0","","Data Namespace Package","Data ","NA","","NA","","",""
"azure-devtools","1.2.0","","Dev Tools","Dev Tools","https://github.com/Azure/azure-python-devtools/tree/1.2.0/src/azure_devtools","NA","NA","","",""
"azure-digitaltwins-core","","1.0.0b1","Digital Twins Core","Digital Twins","NA","NA","","","",""
"azure-digitaltwins-nspkg","1.0.0","","Digital Twins Namespace Package","Digital Twins","NA","NA","NA","","",""
"azure-graphrbac","0.61.1","","Graph Role Based Access Control","Graph Role Based Access Control","graphrbac","https://docs.microsoft.com/python/api/overview/azure/graph-rbac","","","",""
"azure-keyvault","4.1.0","","Key Vault ","Key Vault","keyvault","NA","NA","","","Metapackage containing: azure-keyvault-keys<br/>azure-keyvault-secrets<br/>azure-keyvault-certificates"
"azure-keyvault-nspkg","1.0.0","","Key Vault Namespace Package","Key Vault","keyvault","NA","NA","","",""
"azure-loganalytics","0.1.0","","Log Analytics","Log Analytics","https://github.com/Azure/azure-sdk-for-python/tree/azure-loganalytics_0.1.0/azure-loganalytics/","NA","","","",""
"azure-mgmt","5.0.0","","Resource Management","Core","https://github.com/Azure/azure-sdk-for-python/tree/master/sdk/core/azure-mgmt","NA","NA","","",""
"azure-mgmt-advisor","4.0.0","","Resource Management - Advisor","Advisor","advisor","NA","","","",""
"azure-mgmt-alertsmanagement","0.1.0","","Resource Management - Alerts Management","Alerts Management","https://github.com/Azure/azure-sdk-for-python/tree/azure-mgmt-alertsmanagement_0.1.0/azure-mgmt-alertsmanagement/","NA","NA","","",""
"azure-mgmt-apimanagement","0.2.0","","Resource Management - API Management","API Management","apimanagement","NA","","","",""
"azure-mgmt-applicationinsights","0.3.0","","Resource Management - Application Insights","Application Insights","applicationinsights","NA","","","",""
"azure-mgmt-appplatform","1.0.0","","Resource Management - App Platform","App Platform","appplatform","NA","","","",""
"azure-mgmt-attestation","0.1.0","","Resource Management - Attestation","Attestation","attestation","NA","","","",""
"azure-mgmt-authorization","0.61.0","","Resource Management - Authorization","Authorization","authorization","https://docs.microsoft.com/python/api/overview/azure/authorization","","","",""
"azure-mgmt-automanage","","1.0.0b1","Resource Management - Automanage","Automanage","NA","","","","",""
"azure-mgmt-automation","0.1.1","","Resource Management - Automation","Automation","automation","NA","","","",""
"azure-mgmt-avs","0.1.0","","Resource Management - AVS","AVS","NA","","","","",""
"azure-mgmt-azurestack","0.1.0","","Resource Management - Azure Stack","Azure Stack","azurestack","NA","","","",""
"azure-mgmt-azurestackhci","1.0.0","1.0.0rc1","Resource Management - Azure Stack HCI","Azure Stack HCI","NA","NA","","","",""
"azure-mgmt-batch","9.0.0","","Resource Management - Batch","Batch","batch","https://docs.microsoft.com/python/api/overview/azure/batch","","","",""
"azure-mgmt-batchai","2.0.0","","Resource Management - Batch AI","Batch AI","https://github.com/Azure/azure-sdk-for-python/tree/azure-mgmt-batchai_2.0.0/azure-mgmt-batchai/","https://docs.microsoft.com/python/api/overview/azure/batchai","NA","","",""
"azure-mgmt-billing","1.0.0","","Resource Management - Billing","Billing","https://github.com/Azure/azure-sdk-for-python/tree/azure-mgmt-billing_0.2.0/azure-mgmt-billing/","https://docs.microsoft.com/python/api/overview/azure/billing","","","",""
"azure-mgmt-botservice","0.2.0","","Resource Management - Bot Service","Bot Service","botservice","NA","","","",""
"azure-mgmt-cdn","5.1.0","","Resource Management - Content Delivery Network","Content Delivery Network","cdn","","","","",""
"azure-mgmt-cognitiveservices","6.3.0","","Resource Management - Cognitive Services","Cognitive Services","cognitiveservices","NA","","","",""
"azure-mgmt-commerce","1.0.1","","Resource Management - Commerce","Commerce","https://github.com/Azure/azure-sdk-for-python/tree/azure-mgmt-commerce_1.0.1/azure-mgmt-commerce/","https://docs.microsoft.com/python/api/overview/azure/commerce","","","",""
"azure-mgmt-common","0.20.0","","Resource Management - Common","Core","NA","NA","NA","","",""
"azure-mgmt-consumption","3.0.0","","Resource Management - Consumption","Consumption","consumption","https://docs.microsoft.com/python/api/overview/azure/consumption","","","",""
"azure-mgmt-containerinstance","2.0.0","","Resource Management - Container Instance","Container Instance","containerinstance","","","","",""
"azure-mgmt-containerregistry","2.8.0","","Resource Management - Container Registry","Container Registry","https://github.com/Azure/azure-sdk-for-python/tree/azure-mgmt-containerregistry_2.8.0/azure-mgmt-containerregistry/","https://docs.microsoft.com/python/api/overview/azure/container-registry","NA","","",""
"azure-mgmt-containerservice","9.4.0","","Resource Management - Container Service","Container Service","containerservice","","","","",""
"azure-mgmt-core","1.2.1","","Resource Management - Core","Core","core","","","","",""
"azure-mgmt-cosmosdb","1.0.0","","Resource Management - Cosmos DB","Cosmos DB","cosmos","https://docs.microsoft.com/python/api/overview/azure/cosmosdb","","","",""
"azure-mgmt-costmanagement","0.2.0","","Resource Management - Cost Management","Cost Management","costmanagement","NA","","","",""
"azure-mgmt-customproviders","0.1.0","","Resource Management - Custom Providers","Custom Providers","customproviders","NA","","","",""
"azure-mgmt-databox","0.2.0","","Resource Management - Data Box","Data Box","databox","NA","","","",""
"azure-mgmt-databoxedge","0.1.0","","Resource Management - Data Box Edge","Data Box Edge","databoxedge","NA","","","",""
"azure-mgmt-databricks","0.1.0","","Resource Management - Databricks","Databricks","https://github.com/Azure/azure-sdk-for-python/tree/azure-mgmt-databricks_0.1.0/azure-mgmt-databricks/","NA","","","",""
"azure-mgmt-datadog","","1.0.0b1","Resource Management - Datadog","Datadog","NA","NA","","","",""
"azure-mgmt-datafactory","0.14.0","","Resource Management - Data Factory","Data Factory","datafactory","","","","",""
"azure-mgmt-datalake-analytics","0.6.0","","Resource Management - Data Lake Analytics","Data Lake","https://github.com/Azure/azure-sdk-for-python/tree/azure-mgmt-datalake-analytics_0.6.0/azure-mgmt-datalake-analytics/","https://docs.microsoft.com/python/api/overview/azure/data-lake-analytics","","","",""
"azure-mgmt-datalake-nspkg","3.0.1","","Resource Management - Data Lake Namespace Package","Data Lake","https://github.com/Azure/azure-sdk-for-python/tree/azure-mgmt-datalake-nspkg_3.0.1/azure-mgmt-datalake-nspkg/","NA","NA","","",""
"azure-mgmt-datalake-store","0.5.0","","Resource Management - Data Lake Store","Data Lake","https://github.com/Azure/azure-sdk-for-python/tree/azure-mgmt-datalake-store_0.5.0/azure-mgmt-datalake-store/","https://docs.microsoft.com/python/api/overview/azure/data-lake-store","","","",""
"azure-mgmt-datamigration","4.1.0","","Resource Management - Data Migration","Data Migration","datamigration","NA","","","",""
"azure-mgmt-datashare","0.2.0","","Resource Management - Data Share","Data Share","datashare","NA","","","",""
"azure-mgmt-deploymentmanager","0.2.0","","Resource Management - Deployment Manager","Deployment Manager","deploymentmanager","NA","","","",""
"azure-mgmt-devspaces","0.2.0","","Resource Management - Dev Spaces","Azure Kubernetes Service","aks","NA","","","",""
"azure-mgmt-devtestlabs","4.0.0","","Resource Management - DevTest Labs","DevTest Labs","devtestlabs","https://docs.microsoft.com/python/api/overview/azure/devtest-labs","","","",""
"azure-mgmt-digitaltwins","1.0.0","","Resource Management - Digital Twins","Digital Twins","digitaltwins","NA","","","",""
"azure-mgmt-dns","3.0.0","","Resource Management - Domain Name System","Network","network","https://docs.microsoft.com/python/api/overview/azure/dns","","","",""
"azure-mgmt-documentdb","0.1.3","","Resource Management - Document DB","Cosmos DB","https://github.com/Azure/azure-sdk-for-python/tree/azure-mgmt-documentdb_0.1.3/azure-mgmt-documentdb/","NA","NA","","",""
"azure-mgmt-edgegateway","0.1.0","","Resource Management - Edge Gateway","Edge Gateway","https://github.com/Azure/azure-sdk-for-python/tree/azure-mgmt-edgegateway_0.1.0/azure-mgmt-edgegateway/","NA","","","",""
"azure-mgmt-eventgrid","2.2.0","","Resource Management - Event Grid","Event Grid","eventgrid","NA","","","",""
"azure-mgmt-frontdoor","0.3.0","","Resource Management - Frontdoor","Network","network","NA","","","",""
"azure-mgmt-hanaonazure","0.14.0","","Resource Management - SAP Hana","SAP Hana","hanaonazure","NA","","","",""
"azure-mgmt-hdinsight","2.0.0","","Resource Management - HDInsight","HDInsight","hdinsight","","","","",""
"azure-mgmt-healthcareapis","0.1.0","","Resource Management - Healthcare Apis","Healthcare Apis","healthcareapis","NA","","","",""
"azure-mgmt-hybridcompute","2.0.0","","Resource Management - Hybrid Compute","Hybrid Compute","hybridcompute","NA","","","",""
"azure-mgmt-hybridkubernetes","0.1.0","","Resource Management - Hybrid Kubernetes","Hybrid Kubernetes","hybridkubernetes","NA","","","",""
"azure-mgmt-imagebuilder","0.4.0","","Resource Management - Image Builder","Compute","compute","NA","","","",""
"azure-mgmt-iotcentral","3.1.0","","Resource Management - Iot Central","Iot Hub","iothub","","","","",""
"azure-mgmt-iothub","0.12.0","","Resource Management - Iot Hub","Iot Hub","iothub","https://docs.microsoft.com/python/api/overview/azure/iot","","","",""
"azure-mgmt-iothubprovisioningservices","0.2.0","","Resource Management - Iot Hub Provisioning Services","Iot Hub","https://github.com/Azure/azure-sdk-for-python/tree/azure-mgmt-iothubprovisioningservices_0.2.0/azure-mgmt-iothubprovisioningservices/","NA","","","",""
"azure-mgmt-kubernetesconfiguration","0.2.0","","Resource Management - Kubernetes Configuration","Kubernetes Configuration","kubernetesconfiguration","NA","","","",""
"azure-mgmt-kusto","0.9.0","","Resource Management - Kusto","Kusto","kusto","","","","",""
"azure-mgmt-labservices","0.1.1","","Resource Management - Lab Services","Labservices","https://github.com/Azure/azure-sdk-for-python/tree/azure-mgmt-labservices_0.1.1/azure-mgmt-labservices","NA","","","",""
"azure-mgmt-loganalytics","1.0.0","","Resource Management - Log Analytics","Log Analytics","loganalytics","","","","",""
"azure-mgmt-logic","3.0.0","","Resource Management - Logic","Logic","https://github.com/Azure/azure-sdk-for-python/tree/azure-mgmt-logic_3.0.0/azure-mgmt-logic/","https://docs.microsoft.com/python/api/overview/azure/logic-apps","NA","","",""
"azure-mgmt-machinelearningcompute","0.4.1","","Resource Management - Machine Learning Compute","Machine Learning","https://github.com/Azure/azure-sdk-for-python/tree/azure-mgmt-machinelearningcompute_0.4.1/azure-mgmt-machinelearningcompute/","NA","","","",""
"azure-mgmt-machinelearningservices","0.1.0","","Resource Management - Machine Learning Services","Machine Learning","machinelearning","NA","","","",""
"azure-mgmt-maintenance","0.1.0","","Resource Management - Maintenance","Maintenance","maintenance","NA","","","",""
"azure-mgmt-managedservices","1.0.0","","Resource Management - Managed Services","Managed Services","managedservices","NA","","","",""
"azure-mgmt-managementgroups","0.2.0","","Resource Management - Management Groups","Management Groups","https://github.com/Azure/azure-sdk-for-python/tree/azure-mgmt-managementgroups_0.2.0/azure-mgmt-managementgroups/","NA","","","",""
"azure-mgmt-managementpartner","0.1.1","","Resource Management - Management Partner","Management Partner","managementpartner","NA","","","",""
"azure-mgmt-maps","0.1.0","","Resource Management - Maps","Maps","https://github.com/Azure/azure-sdk-for-python/tree/azure-mgmt-maps_0.1.0/azure-mgmt-maps/","NA","","","",""
"azure-mgmt-marketplaceordering","0.2.1","","Resource Management - Marketplace Ordering","Marketplace Ordering","https://github.com/Azure/azure-sdk-for-python/tree/azure-mgmt-marketplaceordering_0.2.1/azure-mgmt-marketplaceordering/","NA","","","",""
"azure-mgmt-media","3.0.0","","Resource Management - Media","Media","media","https://docs.microsoft.com/python/api/overview/azure/media-services","","","",""
"azure-mgmt-mixedreality","0.2.0","","Resource Management - Mixed Reality","Mixed Reality","mixedreality","https://docs.microsoft.com/python/api/overview/azure/mixed-reality","","","",""
"azure-mgmt-msi","1.0.0","","Resource Management - MSI","Resources","resources","NA","","","",""
"azure-mgmt-netapp","0.13.0","","Resource Management - NetApp","NetApp","netapp","","","","",""
"azure-mgmt-notificationhubs","2.1.0","","Resource Management - Notification Hubs","Notification Hubs","https://github.com/Azure/azure-sdk-for-python/tree/azure-mgmt-notificationhubs_2.1.0/azure-mgmt-notificationhubs/","https://docs.microsoft.com/python/api/overview/azure/notification-hubs","","","",""
"azure-mgmt-nspkg","3.0.2","","Resource Management - Namespace Package","Core","https://github.com/Azure/azure-sdk-for-python/tree/azure-mgmt-nspkg_3.0.2/azure-mgmt-nspkg/","NA","NA","","",""
"azure-mgmt-operationsmanagement","0.1.0","","Resource Management - Operations Management","Operations Management","operationsmanagement","NA","","","",""
"azure-mgmt-peering","0.2.0","","Resource Management - Peering","Peering","peering","NA","","","",""
"azure-mgmt-policyinsights","0.5.0","","Resource Management - Policy Insights","Policy Insights","policyinsights","NA","","","",""
"azure-mgmt-powerbidedicated","0.1.0","","Resource Management - Power BI Dedicated","Power BI Dedicated","powerbidedicated","NA","","","",""
"azure-mgmt-powerbiembedded","2.0.0","","Resource Management - Power BI Embedded","Power BI Embedded","https://github.com/Azure/azure-sdk-for-python/tree/azure-mgmt-powerbiembedded_2.0.0/azure-mgmt-powerbiembedded/","https://docs.microsoft.com/python/api/overview/azure/power-bi","","","",""
"azure-mgmt-privatedns","0.1.0","","Resource Management - Private DNS","DNS","https://github.com/Azure/azure-sdk-for-python/tree/azure-mgmt-privatedns_0.1.0/azure-mgmt-privatedns/","NA","","","",""
"azure-mgmt-rdbms","2.2.0","","Resource Management - Rdbms","Rdbms","rdbms","https://docs.microsoft.com/python/api/overview/azure/postgresql-mysql","","","",""
"azure-mgmt-recoveryservices","0.5.0","","Resource Management - Recovery Services","Recovery Services","recoveryservices","NA","","","",""
"azure-mgmt-recoveryservicesbackup","0.8.0","","Resource Management - Recovery Services Backup","Recovery Services","recoveryservices","https://docs.microsoft.com/python/api/overview/azure/recovery-services-backup","","","",""
"azure-mgmt-redhatopenshift","0.1.0","","Resource Management - Red Hat OpenShift","Red Hat OpenShift","redhatopenshift","NA","","","",""
"azure-mgmt-redis","6.0.0","","Resource Management - Redis","Redis","https://github.com/Azure/azure-sdk-for-python/tree/azure-mgmt-redis_6.0.0/azure-mgmt-redis/","https://docs.microsoft.com/python/api/overview/azure/redis","","","",""
"azure-mgmt-regionmove","","1.0.0b1","Resource Management - Region Move","Region Move","NA","NA","","","",""
"azure-mgmt-relay","0.2.0","","Resource Management - Relay","Relay","relay","NA","","","",""
"azure-mgmt-reservations","0.8.0","","Resource Management - Reservations","Reservations","reservations","NA","","","",""
"azure-mgmt-resourcegraph","2.0.0","","Resource Management - Resource Graph","Resources","resources","NA","","","",""
"azure-mgmt-resourcemover","","1.0.1b1","Resource Management - Resource Mover","Resource Mover","NA","NA","","","",""
"azure-mgmt-scheduler","2.0.0","","Resource Management - Scheduler","Scheduler","https://github.com/Azure/azure-sdk-for-python/tree/azure-mgmt-scheduler_2.0.0/azure-mgmt-scheduler/","https://docs.microsoft.com/python/api/overview/azure/scheduler","NA","","",""
"azure-mgmt-search","3.0.0","","Resource Management - Search","Search","search","https://docs.microsoft.com/python/api/overview/azure/search","","","",""
"azure-mgmt-security","0.4.1","","Resource Management - Security","Security","security","","","","",""
"azure-mgmt-serialconsole","0.1.0","","Resource Management - Serial Console","Serial Console","https://github.com/Azure/azure-sdk-for-python/tree/azure-mgmt-serialconsole_0.1.0/azure-mgmt-serialconsole/","NA","","","",""
"azure-mgmt-servermanager","2.0.0","","Resource Management - Server Manager","Server Manager","https://github.com/Azure/azure-sdk-for-python/tree/azure-mgmt-servermanager_2.0.0/azure-mgmt-servermanager/","NA","","","",""
"azure-mgmt-servicebus","1.0.0","","Resource Management - Service Bus","Service Bus","https://github.com/Azure/azure-sdk-for-python/tree/azure-mgmt-servicebus_0.6.0/azure-mgmt-servicebus/","NA","","","",""
"azure-mgmt-servicefabric","0.5.0","","Resource Management - Service Fabric","Service Fabric","servicefabric","NA","","","",""
"azure-mgmt-signalr","0.4.0","","Resource Management - SignalR","SignalR","signalr","NA","","","",""
"azure-mgmt-sql","0.22.0","","Resource Management - SQL","SQL","sql","","","","",""
"azure-mgmt-sqlvirtualmachine","0.5.0","","Resource Management - SQL Virtual Machine","SQL","sql","NA","","","",""
"azure-mgmt-storagecache","0.3.0","","Resource Management - Storage Cache","Storage","storage","NA","","","",""
"azure-mgmt-storageimportexport","0.1.0","","Resource Management - Storage Import Export","Storage","storage","NA","","","",""
"azure-mgmt-storagesync","0.2.0","","Resource Management - Storage Sync","Storage","storage","NA","","","",""
"azure-mgmt-subscription","0.7.0","","Resource Management - Subscription","Subscription","subscription","NA","","","",""
"azure-mgmt-support","1.0.0","","Resource Management - Support","Support","support","NA","","","",""
"azure-mgmt-synapse","0.4.0","","Resource Management - Synapse","Synapse","synapse","","","","",""
"azure-mgmt-timeseriesinsights","0.2.0","","Resource Management - Time Series Insights","Time Series Insights","timeseriesinsights","NA","","","",""
"azure-mgmt-trafficmanager","0.51.0","","Resource Management - Traffic Manager","Traffic Manager","https://github.com/Azure/azure-sdk-for-python/tree/azure-mgmt-trafficmanager_0.51.0/azure-mgmt-trafficmanager","https://docs.microsoft.com/python/api/overview/azure/traffic-manager","","","",""
"azure-mgmt-vmwarecloudsimple","0.2.0","","Resource Management - VM Ware Cloud Simple","Compute","compute","NA","","","",""
"azure-mgmt-web","0.48.0","","Resource Management - Web","App Service","appservice","https://docs.microsoft.com/python/api/overview/azure/webapps","","","",""
"azureml-sdk","1.2.0","","Machine Learning","Machine Learning","NA","NA","NA","","",""
"azure-monitor","0.3.1","","Monitor","Monitor","https://github.com/Azure/azure-sdk-for-python/tree/azure-monitor_0.3.1/azure-monitor/","NA","NA","","",""
"azure-nspkg","3.0.2","","Namespace Package","core","https://github.com/Azure/azure-sdk-for-python/tree/azure-nspkg_3.0.2/azure-nspkg/","NA","NA","","",""
"azure-search","","1.0.0b1","Search","Search","search","NA","","","","Replaced by: azure-search-documents"
"azure-search-nspkg","1.0.0","","Search Namespace Package","Search","search","NA","NA","","",""
"azure-servicefabric","7.1.0.45","","Service Fabric","Service Fabric","servicefabric","NA","","","",""
"azure-servicemanagement-legacy","0.20.7","","Service Management Legacy","Core","core","NA","NA","","",""
"azure-storage","0.37.0","","Storage","Storage","https://github.com/Azure/azure-storage-python","NA","NA","","",""
"azure-storage-blob-changefeed","","12.0.0b2","Storage - Blob Change Feed","Storage","storage","","","","",""
"azure-storage-common","2.1.0","","Storage - Common","Storage","https://github.com/Azure/azure-storage-python/tree/v2.1.0-common/azure-storage-common","NA","NA","","",""
"azure-storage-file","2.1.0","","Storage - File","Storage","https://github.com/Azure/azure-storage-python/tree/v2.1.0-file/azure-storage-file","NA","NA","","","Replaced by: azure-storage-file-share 12.x"
"azure-storage-nspkg","3.1.0","","Storage Namespace Package","Storage","https://github.com/Azure/azure-sdk-for-python/tree/master/sdk/storage/azure-storage-nspkg","NA","NA","","",""
"azure-synapse","0.1.0","","Synapse","Synapse","synapse","NA","","","",""
"azure-synapse-accesscontrol","0.3.0","","Synapse Access Control","Synapse","synapse","","","","",""
"azure-synapse-artifacts","0.3.0","","Synapse Artifacts","Synapse","synapse","","","","",""
"azure-synapse-nspkg","1.0.0","","Synapse Namespace Package","Synapse","synapse","NA","NA","","",""
"azure-synapse-spark","0.3.0","","Synapse Spark","Synapse","synapse","","","","",""
"azure-template","0.0.17","0.1.0b26","Template","Template","","NA","","","true",""
"doc-warden","0.7.1","","Doc Warden","Doc Warden","https://github.com/Azure/azure-sdk-tools/tree/doc-warden_0.7.1/packages/python-packages/doc-warden","NA","NA","","",""
"msrest","0.6.19","","Msrest","Msrest","https://github.com/Azure/msrest-for-python/tree/v0.6.18/msrest","NA","NA","","",""
"msrestazure","0.6.4","","Msrest Azure","Msrest Azure","https://github.com/Azure/msrestazure-for-python/tree/v0.6.4/msrestazure","NA","NA","","",""
"tox-monorepo","0.1.2","","Tox Monorepo","Tox Monorepo","https://github.com/Azure/azure-sdk-tools/tree/master/packages/python-packages/tox-monorepo","NA","NA","","",""
"uamqp","1.2.12","","Uamqp","Uamqp","https://github.com/Azure/azure-uamqp-python/tree/v1.2.10/uamqp","NA","NA","","",""